{"cameraMode":{"drawMode":0,"name":"Shaded","section":"Shading Mode"},"sceneLighting":true,"audioPlay":false,"sceneViewState":{"showFog":true,"showMaterialUpdate":false,"showSkybox":true,"showFlares":true,"showImageEffects":true,"showParticleSystems":true},"in2DMode":false,"pivot":{"x":-0.8925819993019104,"y":4.569567680358887,"z":-1.5156161785125733},"rotation":{"x":-0.3829198181629181,"y":-0.013582464307546616,"z":0.0056310249492526058,"w":-0.9236650466918945},"size":8.19999885559082,"orthographic":false}